"Дата","Цена","Откр.","Макс.","Мин.","Объём","Изм. %"
"25.10.2023","0,170","0,189","0,190","0,165","33,78M","9,68%"
"24.10.2023","0,155","0,190","0,200","0,145","30,17M","-43,62%"
"23.10.2023","0,275","0,330","0,357","0,216","280,86M","208,18%"
"20.10.2023","0,089","0,093","0,094","0,085","842,64K","-4,09%"
"19.10.2023","0,093","0,105","0,105","0,085","1,75M","-11,34%"
"18.10.2023","0,105","0,100","0,110","0,100","2,24M","0,87%"
"17.10.2023","0,104","0,105","0,107","0,095","841,80K","-0,95%"
"16.10.2023","0,105","0,115","0,121","0,101","767,26K","-8,70%"
"13.10.2023","0,115","0,127","0,127","0,113","497,22K","-8,73%"
"12.10.2023","0,126","0,132","0,140","0,122","146,36K","-4,04%"
"11.10.2023","0,131","0,150","0,150","0,120","651,95K","-12,47%"
"10.10.2023","0,150","0,155","0,165","0,145","341,58K","0,00%"
"09.10.2023","0,150","0,158","0,158","0,140","172,15K","0,00%"
"06.10.2023","0,150","0,175","0,175","0,140","1,18M","-14,29%"
"05.10.2023","0,175","0,200","0,202","0,175","347,89K","-10,26%"
"04.10.2023","0,195","0,199","0,210","0,195","113,08K","-2,50%"
"03.10.2023","0,200","0,201","0,210","0,197","501,58K","-7,02%"
"02.10.2023","0,215","0,246","0,246","0,204","315,40K","-8,51%"
"29.09.2023","0,235","0,250","0,250","0,230","164,35K","-4,08%"
"28.09.2023","0,245","0,266","0,266","0,238","512,52K","-5,77%"
"27.09.2023","0,260","0,262","0,266","0,250","211,29K","-0,88%"
"26.09.2023","0,262","0,300","0,300","0,260","139,92K","-8,44%"
"25.09.2023","0,287","0,303","0,330","0,260","350,68K","-5,10%"
"22.09.2023","0,302","0,304","0,350","0,300","84,96K","-2,58%"
"21.09.2023","0,310","0,320","0,339","0,305","45,44K","-3,12%"
"20.09.2023","0,320","0,320","0,340","0,320","44,04K","0,00%"
"19.09.2023","0,320","0,320","0,338","0,305","70,53K","6,67%"
"18.09.2023","0,300","0,330","0,338","0,300","98,50K","-15,49%"
"15.09.2023","0,355","0,320","0,365","0,320","44,52K","9,23%"
"14.09.2023","0,325","0,337","0,365","0,310","65,75K","-5,78%"
"13.09.2023","0,345","0,360","0,360","0,338","31,04K","-1,44%"
"12.09.2023","0,350","0,340","0,362","0,340","19,76K","-2,48%"
"11.09.2023","0,359","0,390","0,390","0,330","35,43K","5,56%"
"08.09.2023","0,340","0,321","0,359","0,300","402,90K","4,62%"
"07.09.2023","0,325","0,327","0,330","0,320","35,42K","1,56%"
"06.09.2023","0,320","0,321","0,338","0,320","101,44K","-4,48%"
"05.09.2023","0,335","0,321","0,360","0,321","71,56K","2,27%"
"01.09.2023","0,328","0,326","0,355","0,326","116,46K","-2,22%"
"31.08.2023","0,335","0,341","0,350","0,328","68,17K","-1,50%"
"30.08.2023","0,340","0,345","0,350","0,339","68,43K","-3,49%"
"29.08.2023","0,352","0,354","0,365","0,339","132,20K","-3,45%"
"28.08.2023","0,365","0,389","0,390","0,310","327,37K","-6,41%"
"25.08.2023","0,390","0,391","0,391","0,365","63,07K","-2,45%"
"24.08.2023","0,400","0,430","0,440","0,380","105,31K","-1,72%"
"23.08.2023","0,407","0,420","0,420","0,396","250,90K","-2,38%"
"22.08.2023","0,417","0,410","0,420","0,390","49,34K","-0,79%"
"21.08.2023","0,420","0,420","0,420","0,400","12,20K","0,50%"
"18.08.2023","0,418","0,391","0,420","0,390","21,19K","1,95%"
"17.08.2023","0,410","0,424","0,425","0,390","48,09K","2,48%"
"16.08.2023","0,400","0,410","0,420","0,390","67,58K","-5,88%"
"15.08.2023","0,425","0,445","0,445","0,410","91,02K","-3,52%"
"14.08.2023","0,440","0,460","0,460","0,425","56,81K","-5,15%"
"11.08.2023","0,464","0,420","0,486","0,400","183,49K","13,27%"
"10.08.2023","0,410","0,383","0,420","0,383","158,26K","2,50%"
"09.08.2023","0,400","0,390","0,405","0,380","158,93K","1,52%"
"08.08.2023","0,394","0,375","0,395","0,370","86,29K","2,60%"
"07.08.2023","0,384","0,400","0,400","0,370","59,04K","-1,54%"
"04.08.2023","0,390","0,370","0,397","0,365","351,69K","2,90%"
"03.08.2023","0,379","0,370","0,389","0,360","34,49K","4,64%"
"02.08.2023","0,362","0,367","0,390","0,360","86,74K","3,19%"
"01.08.2023","0,351","0,350","0,410","0,350","84,60K","0,26%"
"31.07.2023","0,350","0,364","0,430","0,345","202,60K","1,98%"
"28.07.2023","0,343","0,389","0,400","0,343","202,35K","-7,22%"
"27.07.2023","0,370","0,380","0,400","0,360","321,86K","-6,99%"
"26.07.2023","0,398","0,410","0,410","0,398","128,76K","-1,78%"
"25.07.2023","0,405","0,428","0,431","0,399","136,51K","-3,34%"
"24.07.2023","0,419","0,440","0,460","0,402","287,41K","-5,42%"
"21.07.2023","0,443","0,440","0,454","0,440","78,68K","0,14%"
"20.07.2023","0,442","0,440","0,480","0,440","61,14K","-0,36%"
"19.07.2023","0,444","0,460","0,472","0,443","106,78K","-3,48%"
"18.07.2023","0,460","0,440","0,470","0,430","166,28K","4,55%"
"17.07.2023","0,440","0,425","0,450","0,425","55,99K","1,62%"
"14.07.2023","0,433","0,466","0,480","0,425","191,01K","-3,99%"
"13.07.2023","0,451","0,453","0,453","0,425","344,99K","2,48%"
"12.07.2023","0,440","0,449","0,460","0,431","127,91K","2,04%"
"11.07.2023","0,431","0,450","0,460","0,425","150,99K","-6,24%"
"10.07.2023","0,460","0,440","0,464","0,430","155,28K","-1,50%"
"07.07.2023","0,467","0,465","0,468","0,440","58,30K","2,66%"
"06.07.2023","0,455","0,450","0,472","0,448","116,51K","2,80%"
"05.07.2023","0,442","0,480","0,490","0,440","248,25K","-7,81%"
"03.07.2023","0,480","0,520","0,520","0,441","349,21K","0,00%"
"30.06.2023","0,480","0,420","0,520","0,402","711,57K","11,76%"
"29.06.2023","0,430","0,430","0,430","0,401","216,29K","0,00%"
"28.06.2023","0,430","0,440","0,450","0,400","250,49K","-6,59%"
"27.06.2023","0,460","0,456","0,480","0,430","297,53K","-2,13%"
"26.06.2023","0,470","0,510","0,510","0,445","222,30K","-7,84%"
"23.06.2023","0,510","0,470","0,550","0,445","1,38M","12,09%"
"22.06.2023","0,455","0,395","0,500","0,363","1,97M","2,71%"
"21.06.2023","0,443","0,457","0,535","0,406","21,35M","26,57%"
"20.06.2023","0,350","0,365","0,390","0,330","1,82M","-4,40%"
"16.06.2023","0,366","0,365","0,400","0,365","48,25K","-1,08%"
"15.06.2023","0,370","0,373","0,420","0,370","141,53K","-5,10%"
"14.06.2023","0,390","0,400","0,400","0,375","81,56K","-2,38%"
"13.06.2023","0,400","0,400","0,451","0,370","215,32K","0,00%"
"12.06.2023","0,400","0,420","0,420","0,390","107,93K","-4,76%"
"09.06.2023","0,420","0,460","0,460","0,410","79,64K","-4,65%"
"08.06.2023","0,440","0,450","0,460","0,430","130,08K","2,39%"
"07.06.2023","0,430","0,440","0,450","0,420","40,62K","2,43%"
"06.06.2023","0,420","0,410","0,460","0,400","139,28K","0,00%"
"05.06.2023","0,420","0,430","0,450","0,400","88,00K","3,65%"
"02.06.2023","0,405","0,400","0,410","0,370","175,38K","14,14%"
"01.06.2023","0,355","0,396","0,427","0,341","515,63K","-13,98%"
"31.05.2023","0,413","0,440","0,452","0,330","383,59K","-5,34%"
"30.05.2023","0,436","0,466","0,480","0,410","205,86K","-8,98%"
"26.05.2023","0,479","0,479","0,506","0,450","150,21K","-3,25%"
"25.05.2023","0,495","0,495","0,500","0,451","136,45K","-2,90%"
"24.05.2023","0,510","0,502","0,540","0,451","148,40K","0,00%"
"23.05.2023","0,510","0,544","0,544","0,490","108,58K","4,10%"
"22.05.2023","0,490","0,476","0,538","0,476","172,93K","-2,31%"
"19.05.2023","0,502","0,510","0,560","0,491","115,92K","-9,78%"
"18.05.2023","0,556","0,510","0,560","0,486","165,37K","9,02%"
"17.05.2023","0,510","0,500","0,550","0,500","82,04K","0,00%"
"16.05.2023","0,510","0,535","0,546","0,480","128,34K","-4,75%"
"15.05.2023","0,535","0,546","0,570","0,530","101,26K","-2,05%"
"12.05.2023","0,546","0,570","0,570","0,525","30,69K","3,06%"
"11.05.2023","0,530","0,548","0,570","0,520","58,45K","-2,77%"
"10.05.2023","0,545","0,590","0,590","0,545","154,83K","1,41%"
"09.05.2023","0,538","0,568","0,570","0,530","67,79K","-0,57%"
"08.05.2023","0,541","0,600","0,600","0,523","61,57K","-3,46%"
"05.05.2023","0,560","0,530","0,610","0,530","39,74K","-3,45%"
"04.05.2023","0,580","0,523","0,608","0,523","77,98K","11,05%"
"03.05.2023","0,522","0,585","0,588","0,506","37,70K","-7,29%"
"02.05.2023","0,563","0,571","0,610","0,550","35,64K","2,42%"
"01.05.2023","0,550","0,580","0,609","0,550","44,10K","-0,22%"
"28.04.2023","0,551","0,580","0,630","0,548","56,91K","-4,96%"
"27.04.2023","0,580","0,630","0,630","0,554","65,73K","-3,32%"
"26.04.2023","0,600","0,603","0,640","0,590","44,53K","-4,76%"
"25.04.2023","0,630","0,590","0,700","0,550","139,96K","4,44%"
"24.04.2023","0,603","0,666","0,694","0,581","110,63K","-11,31%"
"21.04.2023","0,680","0,740","0,800","0,680","86,08K","-14,99%"
"20.04.2023","0,800","0,840","0,840","0,720","47,67K","-2,64%"
"19.04.2023","0,822","0,774","0,867","0,750","137,58K","4,04%"
"18.04.2023","0,790","0,747","0,820","0,700","94,64K","2,57%"
"17.04.2023","0,770","0,810","0,810","0,701","169,33K","0,65%"
"14.04.2023","0,765","0,620","0,867","0,614","575,70K","33,18%"
"13.04.2023","0,574","0,500","0,605","0,500","503,83K","13,20%"
"12.04.2023","0,507","0,560","0,595","0,499","329,00K","-9,39%"
"11.04.2023","0,560","0,590","0,670","0,550","213,86K","-1,82%"
"10.04.2023","0,570","0,610","0,650","0,561","283,62K","-8,30%"
"06.04.2023","0,622","0,680","0,680","0,520","540,77K","13,09%"
"05.04.2023","0,550","0,520","0,575","0,500","294,25K","7,84%"
"04.04.2023","0,510","0,500","0,597","0,474","457,75K","6,25%"
"03.04.2023","0,480","0,490","0,530","0,465","118,74K","3,23%"
"31.03.2023","0,465","0,466","0,480","0,445","188,05K","-3,10%"
"30.03.2023","0,480","0,500","0,520","0,460","250,70K","-3,62%"
"29.03.2023","0,498","0,550","0,597","0,450","286,45K","-7,80%"
"28.03.2023","0,540","0,602","0,602","0,528","198,12K","-10,00%"
"27.03.2023","0,600","0,650","0,700","0,550","265,02K","-1,64%"
"24.03.2023","0,610","0,718","0,763","0,590","515,21K","-17,57%"
"23.03.2023","0,740","0,790","0,845","0,720","171,43K","-3,90%"
"22.03.2023","0,770","0,870","0,870","0,710","484,35K","-10,47%"
"21.03.2023","0,860","0,860","0,920","0,801","208,22K","0,00%"
"20.03.2023","0,860","0,870","0,960","0,860","202,90K","-4,64%"
"17.03.2023","0,902","0,880","0,962","0,860","181,99K","3,72%"
"16.03.2023","0,870","0,880","0,962","0,850","320,05K","-5,36%"
"15.03.2023","0,919","1,000","1,000","0,880","184,20K","-1,15%"
"14.03.2023","0,930","0,930","1,030","0,930","168,75K","1,64%"
"13.03.2023","0,915","1,000","1,000","0,870","175,53K","-1,61%"
"10.03.2023","0,930","1,000","1,000","0,930","86,34K","-4,12%"
"09.03.2023","0,970","1,010","1,040","0,970","467,25K","-4,90%"
"08.03.2023","1,020","1,070","1,070","0,960","125,37K","-1,92%"
"07.03.2023","1,040","1,050","1,120","1,020","119,18K","-3,70%"
"06.03.2023","1,080","1,100","1,100","1,050","36,15K","-0,92%"
"03.03.2023","1,090","1,150","1,150","1,070","93,04K","-1,80%"
"02.03.2023","1,110","1,170","1,180","1,085","43,73K","-4,31%"
"01.03.2023","1,160","1,150","1,170","1,096","33,18K","3,57%"
"28.02.2023","1,120","1,090","1,190","1,060","75,32K","0,00%"
"27.02.2023","1,120","1,210","1,210","1,100","180,60K","-4,27%"
"24.02.2023","1,170","1,160","1,170","1,124","109,04K","0,00%"
"23.02.2023","1,170","1,180","1,190","1,150","37,58K","-0,85%"
"22.02.2023","1,180","1,150","1,200","1,130","53,67K","-0,84%"
"21.02.2023","1,190","1,200","1,200","1,150","45,03K","-0,83%"
"17.02.2023","1,200","1,150","1,200","1,150","61,72K","3,45%"
"16.02.2023","1,160","1,170","1,200","1,160","51,92K","-1,69%"
"15.02.2023","1,180","1,090","1,200","1,077","54,18K","7,27%"
"14.02.2023","1,100","1,190","1,190","1,009","124,26K","0,00%"
"13.02.2023","1,100","1,110","1,150","1,050","109,36K","-1,79%"
"10.02.2023","1,120","1,170","1,207","1,120","184,73K","-6,67%"
"09.02.2023","1,200","1,210","1,210","1,170","81,79K","1,69%"
"08.02.2023","1,180","1,200","1,230","1,170","192,72K","-1,67%"
"07.02.2023","1,200","1,190","1,230","1,160","136,86K","0,00%"
"06.02.2023","1,200","1,320","1,330","1,160","581,21K","0,00%"
"03.02.2023","1,200","1,030","1,300","1,020","650,65K","14,70%"
"02.02.2023","1,046","0,990","1,060","0,941","228,16K","6,77%"
"01.02.2023","0,980","0,940","0,980","0,920","107,55K","3,73%"
"31.01.2023","0,945","0,930","0,950","0,920","50,27K","1,58%"
"30.01.2023","0,930","0,905","0,950","0,900","151,78K","2,45%"
"27.01.2023","0,908","0,910","0,910","0,870","94,70K","3,16%"
"26.01.2023","0,880","0,922","0,922","0,873","87,34K","-1,12%"
"25.01.2023","0,890","0,900","0,910","0,880","115,58K","-3,34%"
"24.01.2023","0,921","0,910","0,950","0,891","72,21K","0,09%"
"23.01.2023","0,920","0,959","0,959","0,890","136,79K","3,37%"
"20.01.2023","0,890","0,970","0,990","0,870","197,52K","-5,31%"
"19.01.2023","0,940","0,990","0,990","0,940","74,36K","-3,85%"
"18.01.2023","0,978","0,994","1,000","0,938","61,07K","4,85%"
"17.01.2023","0,932","0,901","1,000","0,900","136,52K","4,31%"
"13.01.2023","0,894","0,960","1,050","0,894","287,39K","-5,92%"
"12.01.2023","0,950","0,906","1,020","0,900","811,62K","5,56%"
"11.01.2023","0,900","0,910","0,950","0,880","429,35K","1,83%"
"10.01.2023","0,884","0,900","0,930","0,884","71,08K","0,43%"
"09.01.2023","0,880","0,918","0,940","0,870","43,46K","-2,24%"
"06.01.2023","0,900","0,920","0,940","0,870","351,58K","-1,08%"
"05.01.2023","0,910","0,880","0,942","0,880","94,47K","1,46%"
"04.01.2023","0,897","0,880","0,947","0,880","44,69K","0,78%"
"03.01.2023","0,890","0,986","0,986","0,890","56,40K","-1,11%"
"30.12.2022","0,900","0,892","0,990","0,864","167,85K","-2,17%"
"29.12.2022","0,920","0,851","0,950","0,851","271,77K","2,23%"
"28.12.2022","0,900","0,850","0,949","0,850","195,49K","5,87%"
"27.12.2022","0,850","0,900","0,948","0,820","205,55K","-5,56%"
"23.12.2022","0,900","0,980","0,980","0,830","318,12K","-4,10%"
"22.12.2022","0,938","0,980","0,990","0,920","64,82K","-3,36%"
"21.12.2022","0,971","0,970","1,000","0,922","148,32K","0,76%"
"20.12.2022","0,964","0,970","1,000","0,908","245,17K","0,40%"
"19.12.2022","0,960","0,886","0,980","0,850","392,06K","8,74%"
"16.12.2022","0,883","0,931","0,931","0,850","206,27K","-4,04%"
"15.12.2022","0,920","0,959","0,998","0,833","282,25K","0,77%"
"14.12.2022","0,913","0,960","1,020","0,910","247,36K","-6,84%"
"13.12.2022","0,980","0,989","1,049","0,980","125,59K","-3,92%"
"12.12.2022","1,020","1,080","1,140","0,961","252,90K","-3,77%"
"09.12.2022","1,060","1,050","1,140","1,030","184,36K","-0,93%"
"08.12.2022","1,070","1,060","1,140","1,020","162,01K","-1,83%"
"07.12.2022","1,090","1,190","1,230","1,050","345,54K","-10,66%"
"06.12.2022","1,220","1,250","1,300","1,140","345,00K","-0,81%"
"05.12.2022","1,230","1,260","1,350","1,220","220,84K","-4,65%"
"02.12.2022","1,290","1,300","1,370","1,220","249,20K","-3,73%"
"01.12.2022","1,340","1,390","1,425","1,250","375,12K","-2,19%"
"30.11.2022","1,370","1,410","1,450","1,370","104,73K","-5,52%"
"29.11.2022","1,450","1,480","1,490","1,430","134,84K","0,00%"
"28.11.2022","1,450","1,460","1,485","1,320","219,23K","-0,68%"
"25.11.2022","1,460","1,550","1,570","1,400","299,18K","-2,01%"
"23.11.2022","1,490","1,420","1,610","1,340","826,28K","6,43%"
"22.11.2022","1,400","1,370","1,460","1,340","531,91K","2,19%"
"21.11.2022","1,370","1,270","1,400","1,190","1,91M","18,10%"
"18.11.2022","1,160","1,150","1,180","1,100","1,57M","4,50%"
"17.11.2022","1,110","1,100","1,150","1,050","449,01K","0,91%"
"16.11.2022","1,100","1,140","1,140","0,980","1,07M","1,85%"
"15.11.2022","1,080","1,140","1,260","1,060","510,90K","-1,82%"
"14.11.2022","1,100","1,050","1,210","1,030","231,96K","3,77%"
"11.11.2022","1,060","1,032","1,100","1,030","112,87K","-0,93%"
"10.11.2022","1,070","1,040","1,100","1,040","88,49K","-2,73%"
"09.11.2022","1,100","0,990","1,150","0,950","122,01K","10,10%"
"08.11.2022","0,999","1,150","1,150","0,980","389,77K","-3,93%"
"07.11.2022","1,040","1,100","1,130","1,000","424,86K","0,00%"
"04.11.2022","1,040","1,030","1,040","0,980","156,47K","0,00%"
"03.11.2022","1,040","0,988","1,090","0,980","33,00K","4,00%"
"02.11.2022","1,000","1,000","1,050","0,980","75,81K","1,01%"
"01.11.2022","0,990","1,010","1,010","0,950","89,89K","2,53%"
"31.10.2022","0,966","0,960","1,000","0,902","129,02K","4,96%"
"28.10.2022","0,920","0,930","1,000","0,897","139,38K","0,14%"
"27.10.2022","0,919","0,900","0,940","0,880","71,72K","2,08%"
"26.10.2022","0,900","0,918","0,964","0,870","52,59K","1,91%"
"25.10.2022","0,883","0,876","0,953","0,830","77,79K","2,69%"
"24.10.2022","0,860","0,969","0,970","0,830","317,00K","-3,91%"
"21.10.2022","0,895","0,900","0,970","0,880","117,69K","-4,58%"
"20.10.2022","0,938","0,959","1,010","0,922","140,77K","-5,20%"
"19.10.2022","0,989","1,020","1,020","0,945","48,06K","5,10%"
"18.10.2022","0,941","0,965","1,030","0,910","249,02K","-6,79%"
"17.10.2022","1,010","1,010","1,040","0,951","257,27K","0,00%"
"14.10.2022","1,010","1,020","1,045","0,980","211,62K","-2,88%"
"13.10.2022","1,040","1,040","1,040","0,990","188,81K","0,00%"
"12.10.2022","1,040","0,928","1,050","0,847","420,59K","20,93%"
"11.10.2022","0,860","0,886","0,919","0,771","287,92K","-5,39%"
"10.10.2022","0,909","1,000","1,000","0,882","161,03K","-6,50%"
"07.10.2022","0,972","1,040","1,040","0,950","309,12K","-5,61%"
"06.10.2022","1,030","0,970","1,030","0,940","342,53K","3,31%"
"05.10.2022","0,997","1,040","1,040","0,960","91,48K","-5,94%"
"04.10.2022","1,060","1,020","1,100","0,990","499,87K","1,92%"
"03.10.2022","1,040","1,000","1,050","1,000","118,95K","1,96%"
"30.09.2022","1,020","1,000","1,050","1,000","145,83K","0,99%"
"29.09.2022","1,010","1,010","1,080","0,965","296,49K","-1,94%"
"28.09.2022","1,030","0,970","1,050","0,950","235,76K","6,19%"
"27.09.2022","0,970","1,030","1,092","0,930","595,11K","-8,49%"
"26.09.2022","1,060","1,110","1,160","1,020","220,64K","-8,62%"
"23.09.2022","1,160","1,120","1,170","1,050","324,93K","-0,85%"
"22.09.2022","1,170","1,280","1,280","1,110","485,10K","-7,14%"
"21.09.2022","1,260","1,260","1,310","1,230","386,65K","-3,08%"
"20.09.2022","1,300","1,300","1,315","1,270","109,16K","-2,26%"
"19.09.2022","1,330","1,380","1,380","1,300","171,14K","-2,92%"
"16.09.2022","1,370","1,490","1,490","1,350","220,36K","-7,43%"
"15.09.2022","1,480","1,440","1,530","1,420","212,87K","2,78%"
"14.09.2022","1,440","1,380","1,460","1,300","606,66K","8,27%"
"13.09.2022","1,330","1,370","1,458","1,310","676,23K","-13,64%"
"12.09.2022","1,540","1,680","1,680","1,440","774,33K","-6,67%"
"09.09.2022","1,650","1,670","1,680","1,600","335,75K","-0,60%"
"08.09.2022","1,660","1,670","1,680","1,620","311,54K","1,84%"
"07.09.2022","1,630","1,590","1,660","1,560","591,94K","3,16%"
"06.09.2022","1,580","1,500","1,590","1,500","361,66K","6,04%"
"02.09.2022","1,490","1,410","1,510","1,380","229,25K","4,20%"
"01.09.2022","1,430","1,360","1,430","1,310","125,17K","5,93%"
"31.08.2022","1,350","1,410","1,440","1,300","374,66K","-1,82%"
"30.08.2022","1,375","1,360","1,440","1,350","305,76K","-1,08%"
"29.08.2022","1,390","1,390","1,480","1,340","269,60K","2,21%"
"26.08.2022","1,360","1,350","1,390","1,310","187,08K","-0,73%"
"25.08.2022","1,370","1,330","1,390","1,300","266,03K","3,79%"
"24.08.2022","1,320","1,290","1,325","1,280","176,05K","1,54%"
"23.08.2022","1,300","1,300","1,315","1,230","436,35K","-0,76%"
"22.08.2022","1,310","1,310","1,390","1,170","957,22K","3,97%"
"19.08.2022","1,260","1,230","1,630","1,220","3,50M","5,00%"
"18.08.2022","1,200","1,420","1,470","1,190","2,36M","-20,00%"
"17.08.2022","1,500","1,650","1,670","1,500","632,16K","-9,64%"
"16.08.2022","1,660","1,700","1,705","1,620","395,10K","-2,35%"
"15.08.2022","1,700","1,700","1,750","1,560","495,63K","1,19%"
"12.08.2022","1,680","1,670","1,710","1,610","295,73K","-1,18%"
"11.08.2022","1,700","1,770","1,880","1,680","779,13K","-3,41%"
"10.08.2022","1,760","1,690","1,770","1,650","1,20M","4,14%"
"09.08.2022","1,690","1,760","1,760","1,620","1,03M","-2,87%"
"08.08.2022","1,740","1,720","1,820","1,690","1,30M","2,96%"
"05.08.2022","1,690","1,700","1,720","1,610","402,23K","-1,17%"
"04.08.2022","1,710","1,690","1,740","1,640","1,07M","3,64%"
"03.08.2022","1,650","1,620","1,650","1,570","1,06M","3,77%"
"02.08.2022","1,590","1,590","1,610","1,560","393,03K","0,00%"
"01.08.2022","1,590","1,550","1,620","1,520","554,88K","3,92%"
"29.07.2022","1,530","1,530","1,590","1,500","493,05K","1,32%"
"28.07.2022","1,510","1,480","1,530","1,410","796,42K","3,42%"
"27.07.2022","1,460","1,490","1,550","1,380","1,13M","2,82%"
"26.07.2022","1,420","1,410","1,440","1,360","859,89K","-0,70%"
"25.07.2022","1,430","1,350","1,440","1,340","1,08M","2,14%"
"22.07.2022","1,400","1,410","1,600","1,300","4,07M","5,26%"
"21.07.2022","1,330","1,620","1,700","1,330","11,28M","-36,97%"
"20.07.2022","2,110","2,150","2,260","2,080","366,53K","-4,52%"
"19.07.2022","2,210","2,300","2,450","2,050","797,13K","-10,89%"
"18.07.2022","2,480","2,610","2,700","2,410","506,87K","5,53%"
"15.07.2022","2,350","2,540","2,620","2,110","728,50K","-9,62%"
"14.07.2022","2,600","2,545","2,670","2,400","65,20K","5,69%"
"13.07.2022","2,460","2,250","2,480","2,250","22,32K","1,65%"
"12.07.2022","2,420","2,640","2,700","2,180","137,16K","-10,04%"
"11.07.2022","2,690","2,660","2,750","2,620","24,08K","3,46%"
"08.07.2022","2,600","2,810","2,950","2,600","92,81K","-10,03%"
"07.07.2022","2,890","2,960","3,040","2,810","75,23K","-5,25%"
"06.07.2022","3,050","2,700","3,180","2,670","65,54K","12,96%"
"05.07.2022","2,700","2,930","2,930","2,670","71,90K","-1,82%"
"01.07.2022","2,750","2,700","2,876","2,610","61,41K","3,38%"
"30.06.2022","2,660","2,810","2,870","2,600","92,17K","-8,28%"
"29.06.2022","2,900","2,850","2,930","2,800","54,87K","-0,68%"
"28.06.2022","2,920","2,770","3,059","2,770","86,28K","3,55%"
"27.06.2022","2,820","3,000","3,010","2,750","91,88K","-4,41%"
"24.06.2022","2,950","2,990","3,073","2,910","58,85K","0,34%"
"23.06.2022","2,940","3,080","3,160","2,800","85,97K","-5,47%"
"22.06.2022","3,110","3,150","3,460","3,060","49,26K","0,00%"
"21.06.2022","3,110","3,060","3,250","3,060","23,02K","0,00%"
"17.06.2022","3,110","3,110","3,310","3,020","91,85K","-6,04%"
"16.06.2022","3,310","3,110","3,420","3,055","81,63K","5,41%"
"15.06.2022","3,140","3,210","3,410","3,000","201,44K","-3,68%"
"14.06.2022","3,260","3,400","3,670","3,250","108,42K","-4,40%"
"13.06.2022","3,410","3,570","3,950","3,200","80,14K","-8,82%"
"10.06.2022","3,740","3,770","4,060","3,700","64,88K","-4,59%"
"09.06.2022","3,920","4,200","4,200","3,800","92,30K","-8,41%"
"08.06.2022","4,280","4,010","4,500","4,010","187,79K","10,31%"
"07.06.2022","3,880","2,850","4,010","2,670","190,69K","31,53%"
"06.06.2022","2,950","3,550","3,585","2,830","108,40K","-11,14%"
"03.06.2022","3,320","3,690","3,900","3,320","188,95K","-4,05%"
"02.06.2022","3,460","3,560","3,920","3,440","72,68K","-1,42%"
"01.06.2022","3,510","3,790","3,920","3,500","59,26K","-5,65%"
"31.05.2022","3,720","3,940","3,950","3,720","26,57K","-4,62%"
"27.05.2022","3,900","3,950","3,950","3,900","16,40K","-0,76%"
"26.05.2022","3,930","3,750","4,000","3,750","89,01K","5,65%"
"25.05.2022","3,720","3,640","3,950","3,620","19,70K","4,20%"
"24.05.2022","3,570","3,790","3,800","3,520","150,43K","-5,56%"
"23.05.2022","3,780","3,780","4,020","3,780","44,69K","-2,33%"
"20.05.2022","3,870","3,800","3,950","3,770","7,93K","-1,02%"
"19.05.2022","3,910","3,680","3,930","3,670","25,10K","6,25%"
"18.05.2022","3,680","3,690","3,770","3,540","19,59K","-1,08%"
"17.05.2022","3,720","3,950","3,950","3,500","112,18K","-3,63%"
"16.05.2022","3,860","4,000","4,710","3,400","269,55K","-0,52%"
"13.05.2022","3,880","3,870","3,980","3,760","26,18K","0,78%"
"12.05.2022","3,850","3,800","3,850","3,500","47,81K","1,32%"
"11.05.2022","3,800","4,000","4,000","3,460","34,76K","-1,55%"
"10.05.2022","3,860","3,610","4,001","3,457","127,75K","2,93%"
"09.05.2022","3,750","3,920","4,193","3,750","82,13K","-5,30%"
"06.05.2022","3,960","4,190","4,190","3,890","81,15K","-3,41%"
"05.05.2022","4,100","4,160","4,275","4,100","31,84K","-3,07%"
"04.05.2022","4,230","4,660","4,690","4,130","86,73K","-5,37%"
"03.05.2022","4,470","4,430","4,582","4,390","11,50K","0,90%"
"02.05.2022","4,430","4,670","4,670","4,130","67,63K","-7,32%"
"29.04.2022","4,780","4,560","4,800","4,510","59,04K","4,60%"
"28.04.2022","4,570","4,170","4,601","4,080","55,60K","9,33%"
"27.04.2022","4,180","4,400","4,593","4,150","33,00K","-5,22%"
"26.04.2022","4,410","4,550","4,880","4,400","29,69K","-3,29%"
"25.04.2022","4,560","4,850","4,870","4,220","55,62K","-5,98%"
"22.04.2022","4,850","4,800","4,935","4,710","34,85K","1,04%"
"21.04.2022","4,800","4,650","5,000","4,490","135,67K","3,67%"
"20.04.2022","4,630","4,510","4,970","4,510","45,20K","-0,64%"
"19.04.2022","4,660","4,010","4,810","4,010","61,27K","7,13%"
"18.04.2022","4,350","4,130","4,990","4,070","193,73K","1,16%"
"14.04.2022","4,300","4,500","4,710","4,250","93,84K","-8,32%"
"13.04.2022","4,690","4,860","5,000","4,530","95,07K","-6,20%"
"12.04.2022","5,000","4,760","5,000","4,760","54,71K","1,83%"
"11.04.2022","4,910","4,850","5,010","4,850","45,39K","-2,77%"
"08.04.2022","5,050","5,240","5,360","4,880","198,04K","-7,17%"
"07.04.2022","5,440","5,360","5,620","5,230","43,14K","-2,16%"
"06.04.2022","5,560","5,800","5,800","5,460","57,89K","-0,71%"
"05.04.2022","5,600","5,520","5,719","5,500","46,65K","0,00%"
"04.04.2022","5,600","5,590","5,930","5,500","129,44K","-3,61%"
"01.04.2022","5,810","6,250","6,315","5,580","103,18K","-3,17%"
"31.03.2022","6,000","6,280","6,440","5,210","168,53K","-5,51%"
"30.03.2022","6,350","6,500","6,500","6,010","130,65K","-2,46%"
"29.03.2022","6,510","6,300","6,520","6,130","164,72K","6,55%"
"28.03.2022","6,110","7,590","8,020","4,610","632,98K","-21,26%"
"25.03.2022","7,760","8,020","8,260","7,050","48,45K","-4,79%"
"24.03.2022","8,150","8,830","8,830","7,905","48,69K","-8,73%"
"23.03.2022","8,930","8,690","8,930","8,690","9,93K","0,56%"
"22.03.2022","8,880","8,032","8,900","8,032","33,55K","3,26%"
"21.03.2022","8,600","8,070","8,600","7,943","22,05K","4,88%"
"18.03.2022","8,200","8,440","8,580","8,060","28,84K","-0,36%"
"17.03.2022","8,230","8,240","8,250","7,881","15,60K","-0,48%"
"16.03.2022","8,270","7,050","8,500","7,050","165,21K","16,48%"
"15.03.2022","7,100","6,810","7,220","6,480","47,81K","1,43%"
"14.03.2022","7,000","6,250","7,000","6,110","22,70K","11,82%"
"11.03.2022","6,260","6,130","6,530","6,000","143,47K","2,96%"
"10.03.2022","6,080","6,700","6,700","5,980","20,80K","-1,30%"
"09.03.2022","6,160","6,190","6,300","6,010","38,63K","-0,65%"
"08.03.2022","6,200","6,800","6,800","5,913","22,00K","0,16%"
"07.03.2022","6,190","6,250","6,309","6,010","26,24K","-2,52%"
"04.03.2022","6,350","6,600","6,630","6,030","61,13K","-4,65%"
"03.03.2022","6,660","6,900","6,980","6,580","15,38K","-0,89%"
"02.03.2022","6,720","6,960","8,000","6,720","18,57K","0,75%"
"01.03.2022","6,670","6,600","7,100","6,510","46,94K","-8,88%"
"28.02.2022","7,320","6,870","7,517","6,870","29,56K","-1,48%"
"25.02.2022","7,430","7,850","7,890","7,380","22,09K","-5,59%"
"24.02.2022","7,870","7,490","7,870","7,269","31,32K","5,07%"
"23.02.2022","7,490","7,050","8,100","7,050","27,39K","4,76%"
"22.02.2022","7,150","7,200","7,460","6,990","45,22K","-4,79%"
"18.02.2022","7,510","7,700","7,888","7,450","66,21K","-1,18%"
"17.02.2022","7,600","7,950","8,460","7,550","20,71K","-6,06%"
"16.02.2022","8,090","7,900","8,140","7,800","13,98K","3,72%"
"15.02.2022","7,800","8,000","8,780","7,800","60,76K","1,96%"
"14.02.2022","7,650","8,910","8,980","7,650","66,73K","-15,93%"
"11.02.2022","9,100","8,800","9,130","8,800","14,96K","2,25%"
"10.02.2022","8,900","8,510","9,020","8,510","12,50K","-1,00%"
"09.02.2022","8,990","8,830","9,000","8,719","10,08K","0,11%"
"08.02.2022","8,980","8,780","9,000","8,780","6,61K","0,90%"
"07.02.2022","8,900","8,750","8,969","8,750","6,46K","1,02%"
"04.02.2022","8,810","8,700","8,972","8,580","15,27K","-0,90%"
"03.02.2022","8,890","9,000","9,000","8,650","7,57K","-0,78%"
"02.02.2022","8,960","9,100","9,100","8,610","31,39K","2,75%"
"01.02.2022","8,720","8,880","9,430","8,720","20,63K","-3,11%"
"31.01.2022","9,000","8,650","9,390","8,650","16,86K","1,93%"
"28.01.2022","8,830","9,470","9,850","8,500","56,19K","-8,59%"
"27.01.2022","9,660","9,260","9,950","9,190","73,55K","3,09%"
"26.01.2022","9,370","9,330","9,700","9,049","16,47K","-1,16%"
"25.01.2022","9,480","9,590","9,595","9,290","9,90K","-2,57%"
"24.01.2022","9,730","9,750","9,750","9,480","14,95K","-2,70%"
"21.01.2022","10,000","9,500","10,000","9,470","23,24K","5,37%"
"20.01.2022","9,490","9,400","9,490","9,280","6,22K","2,37%"
"19.01.2022","9,270","9,200","9,500","9,000","32,88K","-0,43%"
"18.01.2022","9,310","9,270","9,310","9,080","24,37K","-1,06%"
"14.01.2022","9,410","9,230","9,487","9,021","25,38K","1,95%"
"13.01.2022","9,230","9,010","9,234","9,010","23,57K","1,43%"
"12.01.2022","9,100","8,820","9,360","8,550","67,27K","3,41%"
"11.01.2022","8,800","8,550","8,970","8,530","29,19K","0,92%"
"10.01.2022","8,720","9,320","9,320","8,540","16,99K","2,59%"
"07.01.2022","8,500","8,840","8,950","8,420","7,16K","1,07%"
"06.01.2022","8,410","8,400","8,610","8,210","57,18K","2,56%"
"05.01.2022","8,200","10,340","10,420","7,850","151,62K","-7,45%"
"04.01.2022","8,860","8,580","9,070","8,500","13,76K","-2,21%"
"03.01.2022","9,060","9,500","9,500","8,670","21,22K","1,68%"
"31.12.2021","8,910","8,860","8,990","8,860","15,77K","0,68%"
"30.12.2021","8,850","8,500","9,180","8,500","12,86K","2,31%"
"29.12.2021","8,650","8,960","9,268","8,500","37,49K","-3,14%"
"28.12.2021","8,930","8,910","9,390","8,840","15,98K","-0,67%"
"27.12.2021","8,990","9,010","9,800","8,900","47,45K","0,00%"
"23.12.2021","8,990","9,190","9,550","8,830","20,02K","-1,43%"
"22.12.2021","9,120","9,090","9,425","9,020","16,76K","1,16%"
"21.12.2021","9,015","9,870","10,140","8,950","102,55K","-6,68%"
"20.12.2021","9,660","9,500","9,790","9,500","25,95K","0,73%"
"17.12.2021","9,590","9,140","9,686","8,810","75,31K","2,68%"
"16.12.2021","9,340","9,230","9,399","9,230","26,52K","3,09%"
"15.12.2021","9,060","8,150","9,110","7,960","57,61K","10,22%"
"14.12.2021","8,220","9,200","9,330","7,680","246,90K","-12,46%"
"13.12.2021","9,390","8,860","9,390","8,730","12,93K","4,45%"
"10.12.2021","8,990","9,040","9,040","8,900","12,17K","-1,10%"
"09.12.2021","9,090","9,090","9,366","9,010","13,33K","-1,62%"
"08.12.2021","9,240","9,500","9,500","8,980","29,25K","1,54%"
"07.12.2021","9,100","9,350","9,700","8,890","58,98K","0,22%"
"06.12.2021","9,080","9,710","9,710","9,000","40,05K","-6,97%"
"03.12.2021","9,760","9,590","9,910","9,030","47,33K","1,04%"
"02.12.2021","9,660","9,500","9,800","9,300","82,94K","1,58%"
"01.12.2021","9,510","10,300","10,610","9,190","876,48K","0,21%"
"30.11.2021","9,490","10,230","10,430","9,350","63,43K","-5,67%"
"29.11.2021","10,060","9,890","10,135","9,340","71,25K","2,86%"
"26.11.2021","9,780","9,030","9,870","9,030","116,11K","13,33%"
"24.11.2021","8,630","9,610","9,610","8,210","89,69K","-10,48%"
"23.11.2021","9,640","10,220","10,597","9,500","106,70K","-6,23%"
"22.11.2021","10,280","10,840","10,840","10,220","25,89K","-0,68%"
"19.11.2021","10,350","10,050","10,384","10,050","73,29K","-0,10%"
"18.11.2021","10,360","10,540","11,086","10,010","103,46K","-1,24%"
"17.11.2021","10,490","9,500","10,730","9,420","161,69K","9,04%"
"16.11.2021","9,620","9,950","9,950","9,300","79,61K","3,00%"
"15.11.2021","9,340","9,100","9,635","9,100","80,39K","5,54%"
"12.11.2021","8,850","8,850","9,155","8,810","114,90K","0,80%"
"11.11.2021","8,780","8,940","9,140","8,700","37,00K","-1,46%"
"10.11.2021","8,910","9,000","9,320","8,770","84,16K","-1,00%"
"09.11.2021","9,000","8,950","9,490","8,827","67,62K","0,56%"
"08.11.2021","8,950","8,920","9,040","8,720","104,03K","0,79%"
"05.11.2021","8,880","9,280","9,316","8,600","117,73K","-1,11%"
"04.11.2021","8,980","9,410","9,440","8,950","134,82K","-3,85%"
"03.11.2021","9,340","9,150","9,340","9,140","65,28K","3,43%"
"02.11.2021","9,030","8,770","9,327","8,680","138,55K","2,73%"
"01.11.2021","8,790","8,980","8,980","8,580","51,67K","-1,68%"
"29.10.2021","8,940","8,560","9,010","8,500","123,56K","4,93%"
"28.10.2021","8,520","8,480","8,680","8,460","82,66K","-1,62%"
"27.10.2021","8,660","9,190","9,190","8,500","123,62K","-0,57%"
"26.10.2021","8,710","8,910","9,360","8,710","180,41K","-3,54%"
"25.10.2021","9,030","8,870","9,250","8,500","287,69K","5,49%"
"22.10.2021","8,560","8,800","8,990","8,310","234,05K","-4,99%"
"21.10.2021","9,010","8,970","9,240","8,611","665,18K","-4,86%"
"20.10.2021","9,470","10,150","10,480","8,790","10,85M","12,34%"
"19.10.2021","8,430","8,200","8,476","8,000","159,44K","6,71%"
"18.10.2021","7,900","8,160","8,160","7,710","145,92K","-3,54%"
"15.10.2021","8,190","8,530","8,750","8,050","195,67K","6,90%"
"14.10.2021","7,661","7,500","7,900","7,500","85,12K","2,90%"
"13.10.2021","7,445","7,412","7,540","7,350","36,62K","0,61%"
"12.10.2021","7,400","7,450","7,650","7,350","136,26K","-0,80%"
"11.10.2021","7,460","7,350","7,480","7,350","65,66K","1,50%"
"08.10.2021","7,350","7,600","7,620","7,220","79,42K","-3,03%"
"07.10.2021","7,580","7,500","7,810","7,470","87,50K","3,98%"
"06.10.2021","7,290","7,380","7,903","7,150","152,33K","-0,95%"
"05.10.2021","7,360","8,050","8,760","7,330","796,70K","-9,14%"
"04.10.2021","8,100","8,240","8,630","8,000","443,29K","-2,29%"
"01.10.2021","8,290","8,430","8,970","8,010","226,12K","0,24%"
"30.09.2021","8,270","7,990","9,300","7,530","1,03M","4,16%"
"29.09.2021","7,940","9,890","9,903","7,620","700,36K","-20,12%"
"28.09.2021","9,940","10,090","10,380","9,550","1,38M","-1,97%"
"27.09.2021","10,140","10,120","10,170","9,920","487,59K","0,90%"
"24.09.2021","10,050","10,000","10,800","9,670","829,04K","0,50%"
"23.09.2021","10,000","10,020","10,020","9,980","518,66K","0,00%"
"22.09.2021","10,000","9,970","10,010","9,970","573,21K","0,30%"
"21.09.2021","9,970","9,990","10,010","9,970","2,20M","0,00%"
"20.09.2021","9,970","10,000","10,000","9,970","296,50K","-0,30%"
"17.09.2021","10,000","9,980","10,020","9,970","1,75M","0,30%"
"16.09.2021","9,970","9,970","9,980","9,965","972,00K","0,00%"
"15.09.2021","9,970","9,970","9,975","9,960","673,29K","0,05%"
"14.09.2021","9,965","9,980","9,980","9,960","280,53K","-0,15%"
"13.09.2021","9,980","9,990","9,990","9,961","93,67K","0,20%"
"10.09.2021","9,960","9,980","9,980","9,960","177,87K","-0,05%"
"09.09.2021","9,965","9,960","9,980","9,960","238,16K","-0,05%"
"08.09.2021","9,970","10,000","10,000","9,950","45,30K","-0,18%"
"07.09.2021","9,988","9,950","9,990","9,950","311,15K","0,48%"
"03.09.2021","9,940","9,950","9,950","9,910","49,28K","0,00%"
"02.09.2021","9,940","9,911","9,940","9,910","381,16K","0,20%"
"01.09.2021","9,920","9,920","9,930","9,900","61,15K","0,10%"
"31.08.2021","9,910","9,910","9,920","9,890","33,83K","-0,10%"
"30.08.2021","9,920","9,900","9,920","9,890","38,03K","0,40%"
"27.08.2021","9,880","9,920","9,920","9,880","16,51K","-0,20%"
"26.08.2021","9,900","9,870","9,900","9,870","23,73K","0,00%"
"25.08.2021","9,900","9,900","9,900","9,881","23,38K","0,40%"
"24.08.2021","9,861","9,870","9,880","9,861","4,24K","0,01%"
"23.08.2021","9,860","9,880","9,900","9,860","15,99K","-0,37%"
"20.08.2021","9,897","9,890","9,920","9,890","556,29K","0,17%"
"19.08.2021","9,880","9,890","9,890","9,880","50,75K","0,00%"
"18.08.2021","9,880","9,880","9,890","9,880","11,59K","0,00%"
"17.08.2021","9,880","9,890","9,890","9,880","31,77K","0,00%"
"16.08.2021","9,880","9,862","9,880","9,860","68,95K","0,00%"
"13.08.2021","9,880","9,850","9,880","9,850","252,44K","0,20%"
"12.08.2021","9,860","9,863","9,870","9,860","5,55K","-0,30%"
"11.08.2021","9,890","9,880","9,900","9,880","116,64K","0,10%"
"10.08.2021","9,880","9,860","9,880","9,860","32,95K","0,00%"
"09.08.2021","9,880","9,860","9,896","9,860","199,92K","0,00%"
"06.08.2021","9,880","9,890","9,890","9,865","309,85K","0,00%"
"05.08.2021","9,880","9,860","9,880","9,860","3,60K","0,30%"
"04.08.2021","9,850","9,875","9,875","9,850","104,29K","-0,20%"
"03.08.2021","9,870","9,860","9,875","9,860","118,80K","0,10%"
"02.08.2021","9,860","9,900","9,900","9,860","24,03K","0,00%"
"30.07.2021","9,860","9,860","9,860","9,860","0,44K","0,05%"
"29.07.2021","9,855","9,853","9,860","9,850","1,95K","0,05%"
"28.07.2021","9,850","9,852","9,852","9,850","0,23K","0,10%"
"27.07.2021","9,840","9,888","9,888","9,840","222,09K","-0,10%"
"26.07.2021","9,850","9,850","9,870","9,845","265,70K","-0,40%"
"23.07.2021","9,890","9,890","9,890","9,850","5,05K","0,10%"
"22.07.2021","9,880","9,850","9,880","9,850","35,64K","0,00%"
"21.07.2021","9,880","9,890","9,890","9,860","17,14K","0,00%"
"20.07.2021","9,880","9,860","9,900","9,860","9,32K","0,00%"
"19.07.2021","9,880","9,850","9,880","9,850","14,51K","0,00%"
"16.07.2021","9,880","9,850","9,880","9,850","32,60K","0,00%"
"15.07.2021","9,880","9,900","9,900","9,860","119,83K","-0,10%"
"14.07.2021","9,890","9,897","9,897","9,880","3,74K","-0,10%"
"13.07.2021","9,900","9,890","9,900","9,890","15,86K","0,20%"
"12.07.2021","9,880","9,880","9,900","9,880","3,97K","0,00%"
"09.07.2021","9,880","9,880","9,880","9,880","4,78K","0,00%"
"08.07.2021","9,880","9,890","9,890","9,880","3,51K","-0,10%"
"07.07.2021","9,890","9,890","9,890","9,870","1,58K","0,00%"
"06.07.2021","9,890","9,880","9,890","9,870","6,68K","0,00%"
"02.07.2021","9,890","9,890","9,890","9,870","16,05K","0,00%"
"01.07.2021","9,890","9,870","9,890","9,870","22,66K","0,20%"
"30.06.2021","9,870","9,870","9,890","9,870","21,46K","-0,10%"
"29.06.2021","9,880","9,870","9,890","9,870","13,31K","0,00%"
"28.06.2021","9,880","9,870","9,890","9,870","53,68K","0,00%"
"25.06.2021","9,880","9,880","9,890","9,870","182,39K","0,00%"
"24.06.2021","9,880","9,880","9,890","9,880","128,22K","-0,10%"
"23.06.2021","9,890","9,880","9,890","9,880","8,04K","0,00%"
"22.06.2021","9,890","9,885","9,890","9,880","84,40K","0,00%"
"21.06.2021","9,890","9,870","9,890","9,870","216,88K","0,10%"
"18.06.2021","9,880","9,870","9,880","9,870","22,08K","0,00%"
"17.06.2021","9,880","9,880","9,890","9,875","868,83K","0,00%"
"16.06.2021","9,880","9,880","9,900","9,860","212,47K","-0,10%"
"15.06.2021","9,890","9,880","9,890","9,870","5,62K","0,10%"
"14.06.2021","9,880","9,890","9,890","9,860","374,89K","0,00%"
"11.06.2021","9,880","9,890","9,900","9,880","36,67K","0,00%"
"10.06.2021","9,880","9,880","9,900","9,880","37,20K","0,00%"
"09.06.2021","9,880","9,870","9,900","9,870","95,37K","0,00%"
"08.06.2021","9,880","9,892","9,892","9,860","62,62K","0,00%"
"07.06.2021","9,880","9,880","9,900","9,880","77,49K","0,10%"
"04.06.2021","9,870","9,870","9,880","9,870","175,43K","-0,10%"
"03.06.2021","9,880","9,870","9,880","9,870","143,83K","-0,30%"
"02.06.2021","9,910","9,870","9,920","9,850","30,22K","0,61%"
"01.06.2021","9,850","9,870","9,870","9,840","14,53K","0,00%"
"28.05.2021","9,850","9,870","9,870","9,840","30,93K","0,00%"
"27.05.2021","9,850","9,882","9,882","9,840","81,35K","-0,30%"
"26.05.2021","9,880","9,870","9,900","9,870","14,12K","0,20%"
"25.05.2021","9,860","9,880","9,895","9,860","11,80K","-0,20%"
"24.05.2021","9,880","9,880","9,880","9,880","0,58K","0,00%"
"21.05.2021","9,880","9,880","9,890","9,860","360,44K","0,00%"
"20.05.2021","9,880","9,910","9,910","9,870","3,59K","-0,10%"
"19.05.2021","9,890","9,880","9,910","9,880","543,32K","0,30%"
"18.05.2021","9,860","9,890","9,910","9,850","97,35K","-0,20%"
"17.05.2021","9,880","9,880","9,888","9,850","20,14K","0,00%"
"14.05.2021","9,880","9,870","9,880","9,870","5,04K","0,00%"
"13.05.2021","9,880","9,880","9,890","9,860","29,68K","-0,10%"
"12.05.2021","9,890","9,870","9,890","9,850","201,08K","0,00%"
"11.05.2021","9,890","9,870","9,890","9,850","26,38K","-0,10%"
"10.05.2021","9,900","9,880","9,900","9,880","12,42K","0,10%"
"07.05.2021","9,890","9,870","9,900","9,870","15,72K","0,00%"
"06.05.2021","9,890","9,880","9,900","9,870","366,69K","-0,10%"
"05.05.2021","9,900","9,885","9,900","9,870","6,64K","-0,30%"
"04.05.2021","9,930","9,940","9,940","9,881","39,34K","-0,20%"
"03.05.2021","9,950","9,910","9,950","9,870","60,46K","0,30%"
"30.04.2021","9,920","9,853","9,930","9,853","35,29K","0,51%"
"29.04.2021","9,870","9,900","9,900","9,850","49,19K","0,10%"
"28.04.2021","9,860","9,860","9,899","9,850","301,59K","-0,10%"
"27.04.2021","9,870","9,880","9,920","9,830","796,63K","-0,40%"
"26.04.2021","9,910","9,860","9,950","9,830","69,24K","0,00%"
"23.04.2021","9,910","9,850","9,910","9,850","40,45K","0,30%"
"22.04.2021","9,880","9,850","9,880","9,850","73,52K","0,41%"
"21.04.2021","9,840","9,810","9,850","9,790","20,14K","0,51%"
"20.04.2021","9,790","9,800","9,840","9,790","134,65K","-0,10%"
"19.04.2021","9,800","9,880","9,900","9,790","150,17K","-1,01%"
"16.04.2021","9,900","9,910","9,990","9,880","133,34K","-0,50%"
"15.04.2021","9,950","9,890","9,970","9,890","433,11K","0,30%"
"14.04.2021","9,920","9,910","9,950","9,860","352,26K","-0,30%"
"13.04.2021","9,950","10,000","10,000","9,900","193,09K","-0,40%"
"12.04.2021","9,990","10,000","10,000","9,910","401,36K","-0,30%"
"09.04.2021","10,020","10,040","10,040","9,990","364,42K","-0,30%"
"08.04.2021","10,050","9,900","10,050","9,900","817,62K","0,50%"
"07.04.2021","10,000","10,220","10,320","9,910","6,77M","3,09%"
"06.04.2021","9,700","9,710","9,710","9,660","5,65K","0,00%"
"05.04.2021","9,700","9,700","9,715","9,680","11,47K","0,31%"
"30.03.2021","9,670","9,690","9,690","9,640","11,75K","0,52%"
"29.03.2021","9,620","9,590","9,720","9,590","6,68K","-0,31%"
"26.03.2021","9,650","9,580","9,800","9,580","110,09K","0,52%"
"25.03.2021","9,600","9,600","9,600","9,600","41,01K","0,52%"
"24.03.2021","9,550","9,550","9,550","9,550","0,51K","-1,55%"
"23.03.2021","9,700","9,710","9,710","9,620","2,04K","-1,12%"
"22.03.2021","9,810","9,860","9,860","9,810","0,93K","0,10%"